Workbook

Sheet StudentData
A1: Student_ID | B1: Name | C1: Class | D1: Subject | E1: Marks | F1: Region
A2: S101 | B2: Asha | C2: 10 | D2: Math | E2: 85 | F2: North
A3: S102 | B3: Rahul | C3: 10 | D3: Science | E3: 78 | F3: South
A4: S103 | B4: Meena | C4: 11 | D4: Math | E4: 92 | F4: East
A5: S104 | B5: John | C5: 11 | D5: English | E5: 74 | F5: West
A6: S105 | B6: Priya | C6: 10 | D6: Science | E6: 88 | F6: North

Sheet FeeStructure
A1: Class | B1: Tuition_Fee | C1: Exam_Fee | D1: Library_Fee
A2: 10 | B2: 12000 | C2: 1500 | D2: 800
A3: 11 | B3: 15000 | C3: 2000 | D3: 1000

Sheet SubjectMarks
A1: Subject | B1: Asha | C1: Rahul | D1: Meena | E1: John | F1: Priya
A2: Math | B2: 85 | C2: 0 | D2: 92 | E2: 0 | F2: 0
A3: Science | B3: 0 | C3: 78 | D3: 0 | E3: 0 | F3: 88
A4: English | B4: 0 | C4: 0 | D4: 0 | E4: 74 | F4: 0

Sheet Practice
A1: Student_ID | B1: Name | C1: Class | D1: Tuition_Fee | E1: Exam_Fee | F1: Library_Fee | G1: Total_Fee | H1: Math | I1: Science | J1: English
A2: {=Table1[Student_ID]} -> S101 | B2: {=VLOOKUP(Practice!A2,Table1[[Student_ID]:[Class]],{2,3},0)} -> Asha | C2: 10 | D2: {=_xlfn.XLOOKUP(C2, Table2[Class], Table2[[Tuition_Fee]:[Library_Fee]], "Invalid", 0)} -> 12000 | E2: 1500 | F2: 800 | G2: =SUM(_xlfn.ANCHORARRAY(D2)) -> 14300 | H2: {=TRANSPOSE(_xlfn.XLOOKUP(B2, Table3[#Headers], Table3[], "Not Found", 0))} -> 85 | I2: 0 | J2: 0
A3: S102 | B3: {=VLOOKUP(Practice!A3,Table1[[Student_ID]:[Class]],{2,3},0)} -> Rahul | C3: 10 | D3: {=_xlfn.XLOOKUP(C3, Table2[Class], Table2[[Tuition_Fee]:[Library_Fee]], "Invalid", 0)} -> 12000 | E3: 1500 | F3: 800 | G3: =SUM(_xlfn.ANCHORARRAY(D3)) -> 14300 | H3: {=TRANSPOSE(_xlfn.XLOOKUP(B3, Table3[#Headers], Table3[], "Not Found", 0))} -> 0 | I3: 78 | J3: 0
A4: S103 | B4: {=VLOOKUP(Practice!A4,Table1[[Student_ID]:[Class]],{2,3},0)} -> Meena | C4: 11 | D4: {=_xlfn.XLOOKUP(C4, Table2[Class], Table2[[Tuition_Fee]:[Library_Fee]], "Invalid", 0)} -> 15000 | E4: 2000 | F4: 1000 | G4: =SUM(_xlfn.ANCHORARRAY(D4)) -> 18000 | H4: {=TRANSPOSE(_xlfn.XLOOKUP(B4, Table3[#Headers], Table3[], "Not Found", 0))} -> 92 | I4: 0 | J4: 0
A5: S104 | B5: {=VLOOKUP(Practice!A5,Table1[[Student_ID]:[Class]],{2,3},0)} -> John | C5: 11 | D5: {=_xlfn.XLOOKUP(C5, Table2[Class], Table2[[Tuition_Fee]:[Library_Fee]], "Invalid", 0)} -> 15000 | E5: 2000 | F5: 1000 | G5: =SUM(_xlfn.ANCHORARRAY(D5)) -> 18000 | H5: {=TRANSPOSE(_xlfn.XLOOKUP(B5, Table3[#Headers], Table3[], "Not Found", 0))} -> 0 | I5: 0 | J5: 74
A6: S105 | B6: {=VLOOKUP(Practice!A6,Table1[[Student_ID]:[Class]],{2,3},0)} -> Priya | C6: 10 | D6: {=_xlfn.XLOOKUP(C6, Table2[Class], Table2[[Tuition_Fee]:[Library_Fee]], "Invalid", 0)} -> 12000 | E6: 1500 | F6: 800 | G6: =SUM(_xlfn.ANCHORARRAY(D6)) -> 14300 | H6: {=TRANSPOSE(_xlfn.XLOOKUP(B6, Table3[#Headers], Table3[], "Not Found", 0))} -> 0 | I6: 88 | J6: 0
